Site_Reference,Site_Name,Location
Amersh ,Amersham ,Amersham 
Aylsby ,Aylesbury ,Aylesbury 
Barry ,Barry ,Barry 
Basild ,Basildon ,Basildon 
Birmhm ,Birmingham ,Birmingham 
BirmCF ,Birmingham (Civil and Family) ,Birmingham
Blackf ,Blackfriars ,Blackfriars 
Bolton ,Bolton ,Bolton 
Bourne ,Bournemouth ,Bournemouth 
Bradfd ,Bradford ,Bradford 
Bright ,Brighton ,Brighton 
Bristl ,Bristol ,Bristol 
Burnl ,Burnley ,Burnley 
Caern ,Caernarfon ,Caernarfon 
Cambri ,Cambridge ,Cambridge 
Canter ,Canterbury ,Canterbury 
Cardif ,Cardiff ,Cardiff 
Carlil ,Carlisle ,Carlisle 
Centrl ,Central Criminal Court (Old Bailey) ,London
Chelms ,Chelmsford ,Chelmsford 
Chestr ,Chester ,Chester 
Chich ,Chichester ,Chichester 
Covent,Coventry ,Coventry 
Croydn ,Croydon ,Croydon 
Derby ,Derby ,Derby 
Doncas ,Doncaster ,Doncaster 
Durha ,Durham ,Durham 
DurPol ,Durham Police ,Durham Police 
Exeter ,Exeter ,Exeter 
Gloucs ,Gloucester ,Gloucester 
GtGrim ,Great Grimsby ,Great Grimsby 
Guildf ,Guildford ,Guildford 
Harrow ,Harrow ,Harrow 
HattnX ,Hatton Cross London ,Hatton Cross
Herefd ,Hereford ,Hereford 
Hove ,Hove ,Hove 
InLond ,Inner London ,Inner London 
Ipswch ,Ipswich ,Ipswich 
Islwth ,Isleworth ,Isleworth 
KingsL ,Kings Lynn ,Kings Lynn 
KingUT ,Kingston-U-Thames ,Kingston
Hull ,Kingston-U-Hull ,Hull 
Leeds ,Leeds ,Leeds 
Leics ,Leicester ,Leicester 
Lewes ,Lewes ,Lewes 
Lincln ,Lincoln ,Lincoln 
Livrpl ,Liverpool ,Liverpool 
LivrCF ,Liverpool (Civil and Family) ,Liverpool
LivrY ,Liverpool Youth ,Liverpool
Luton ,Luton ,Luton 
Maidst,Maidstone ,Maidstone 
ManCrn,Manchester Crown Sq ,Manchester
ManMin ,Manchester Minshull ,Manchester
Merthy ,Merthyr Tydfil ,Merthyr Tydfil 
Mold ,Mold ,Mold 
Newcst ,Newcastle ,Newcastle 
Newprt ,Newport Gwent ,Newport
IOW ,Newport IOW ,Isle of White
Norton ,Northampton ,Northampton 
Norwch ,Norwich ,Norwich 
Notts ,Nottingham ,Nottingham 
Oxford ,Oxford ,Oxford 
Peterb ,Peterborough ,Peterborough 
Plymth ,Plymouth ,Plymouth 
Portsm ,Portsmouth ,Portsmouth 
Prestn ,Preston ,Preston 
Readng ,Reading ,Reading 
RCJ ,Royal Courts of Justice ,London
Salis ,Salisbury ,Salisbury 
Sheffd ,Sheffield ,Sheffield 
Shrews ,Shrewsbury ,Shrewsbury 
Snares ,Snaresbrook ,Snaresbrook 
Soton ,Southampton ,Southampton 
Souend ,Southend ,Southend 
Southk ,Southwark ,Southwark 
StAlba ,St Albans ,St Albans 
Staffs ,Stafford ,Stafford 
Stoke ,Stoke on Trent ,Stoke-on-Trent 
Swanse ,Swansea ,Swansea 
Swindn ,Swindon ,Swindon 
Tauntn ,Taunton Crown & County ,Taunton
Teesde ,Teeside ,Teeside 
Telford,Telford ,Telford 
Truro ,Truro ,Truro 
Warton ,Warrington ,Warrington 
Warwick,Warwick ,Warwick 
Winch ,Winchester ,Winchester 
Wolver,Wolverhampton ,Wolverhampton 
WoodGn ,Wood Green ,Wood Green 
Woolch ,Woolwich ,Woolwich 
Worcs ,Worcester ,Worcester 
York ,York ,York 
